Anio,Trimestre,Provincia,HASTA 512 kbps,+ 512 Kbps - 1 Mbps,+ 1 Mbps - 6 Mbps,+ 6 Mbps - 10 Mbps,+ 10 Mbps - 20 Mbps,+ 20 Mbps - 30 Mbps,+ 30 Mbps,OTROS,Total
2022,3,Buenos Aires,29985,27709,290315,297915,267044,124190,3618689,65821,4721668
2022,3,Capital Federal,517000,5742,34371,67829,51946,28692,1253105,105477,1547679
2022,3,Catamarca,71000,384000,3107,5389,5099,3737,50298,2208,70293
2022,3,Chaco,461000,987000,16782,18938,8049,15828,79390,3711,144146
2022,3,Chubut,109000,1444,45707,30940,34682,15309,17563,20024,165778
2022,3,Cordoba,99000,11312,153324,111615,70989,27112,650344,13873,1038668
2022,3,Corrientes,67000,3865,23427,23948,7776,21706,56950,7107,144846
2022,3,Entre Rios,107000,5549,47210,46855,18263,32021,102195,16759,268959
2022,3,Formosa,97000,307000,23538,19545,6194,564000,17704,589000,68538
2022,3,Jujuy,58000,1879,19135,15254,36083,519000,45895,0000,118823
2022,3,La Pampa,68000,1887,61540,9653,11592,5609,22731,3012,116092
2022,3,La Rioja,18000,689000,2842,3375,24219,5331,50390,0000,86864
2022,3,Mendoza,103000,2953,44232,21977,48201,17243,150043,4771,289523
2022,3,Misiones,51000,3749,36628,20758,12676,19615,80330,8350,182157
2022,3,Neuquen,134000,991000,38485,14080,9200,6700,78713,14858,163161
2022,3,Rio Negro,111000,1221,32936,17860,27934,13629,42596,24271,160558
2022,3,Salta,114000,1490,32923,71199,5662,1001,85661,6491,204541
2022,3,San Juan,24000,2027,30324,11247,22157,6780,19221,11619,103399
2022,3,San Luis,60000,307000,6563,20813,12061,67438,13,14815,122070
2022,3,Santa Cruz,52000,6841,12342,11313,11378,2333,4604,647000,49510
2022,3,Santa Fe,468000,11132,132709,198588,70897,57455,396352,20209,887810
2022,3,Santiago Del Estero,178000,1384,28357,58982,16087,910000,12342,792000,119032
2022,3,Tierra Del Fuego,22000,831000,12002,14815,20102,1752,1021,3351,53896
2022,3,Tucuman,39000,2047,32571,39018,25214,4348,159600,280000,263117
2022,2,Buenos Aires,30639,28323,295238,307554,273954,129869,3535757,65849,4667183
2022,2,Capital Federal,517000,5980,36036,72434,55372,31571,1229254,105607,1536771
2022,2,Catamarca,71000,413000,3678,6155,7165,3393,43926,2207,67008
2022,2,Chaco,461000,1047,17603,20109,8391,15974,76271,3708,143564
2022,2,Chubut,109000,1444,45804,31217,34290,14526,15394,20021,162805
2022,2,Cordoba,99000,11971,160486,120485,71923,28645,619400,13426,1026435
2022,2,Corrientes,67000,3937,24253,24842,8001,21719,55071,7107,144997
2022,2,Entre Rios,107000,5656,48637,48557,18512,32355,98769,16759,269352
2022,2,Formosa,97000,407000,23834,19706,6330,591000,16326,590000,67881
2022,2,Jujuy,58000,1829,19458,15790,37786,549000,37391,2453,115314
2022,2,La Pampa,68000,1887,62546,9842,11800,5247,17125,3012,111527
2022,2,La Rioja,18000,728000,3179,3890,23814,5481,48920,0000,86030
2022,2,Mendoza,103000,2954,44961,22557,64138,19543,121366,3940,279562
2022,2,Misiones,51000,3808,37254,21712,12774,19757,75107,8350,178813
2022,2,Neuquen,134000,999000,38826,15066,9205,2039,76982,18717,161968
2022,2,Rio Negro,111000,1227,33364,17938,27168,13714,41972,24270,159764
2022,2,Salta,114000,1530,33732,72661,6012,1156,81478,6494,203177
2022,2,San Juan,24000,2027,30385,11276,24649,3728,16701,11617,100407
2022,2,San Luis,60000,306000,6840,21217,11052,67438,13,14815,121741
2022,2,Santa Cruz,52000,6841,12348,11369,11885,2454,3592,644000,49185
2022,2,Santa Fe,468000,11757,138534,204381,74133,58114,373888,17584,878859
2022,2,Santiago Del Estero,178000,1401,29581,59931,14606,883000,10672,792000,118044
2022,2,Tierra Del Fuego,22000,831000,12052,14828,19968,1712,1006,3351,53770
2022,2,Tucuman,39000,2195,34461,43513,23634,4863,145541,281000,254527
2022,1,Buenos Aires,31591,30056,313382,321756,290127,161183,3381049,26280,4555424
2022,1,Capital Federal,527000,5575,39918,77390,61053,43289,1188072,1717,1417541
2022,1,Catamarca,71000,456000,4386,7009,8773,3761,35715,2207,62378
2022,1,Chaco,461000,1099,16888,21235,20898,13012,62946,7580,144119
2022,1,Chubut,113000,1677,61369,31856,33080,13871,14055,15607,171628
2022,1,Cordoba,100000,12782,165922,126009,73967,34892,577027,13104,1003803
2022,1,Corrientes,67000,4029,24563,25665,27077,10452,43631,7094,142578
2022,1,Entre Rios,107000,5745,50075,49620,42294,21578,81757,16750,267926
2022,1,Formosa,97000,448000,24113,6945,6613,716000,15028,588000,54548
2022,1,Jujuy,58000,1761,22141,16321,37923,576000,35287,2442,116509
2022,1,La Pampa,301000,2223,62812,9869,12044,5250,14400,2833,109732
2022,1,La Rioja,18000,778000,3576,4692,23624,5645,45970,0000,84303
2022,1,Mendoza,114000,3355,51230,26407,74178,21566,95048,3287,275185
2022,1,Misiones,51000,3873,35655,22261,26855,15854,58610,8349,171508
2022,1,Neuquen,137000,1123,39856,15623,11163,2654,71238,7885,149679
2022,1,Rio Negro,116000,1383,35565,18859,26926,14144,37729,22652,157374
2022,1,Salta,114000,1725,35576,68246,6313,2214,76838,6489,197515
2022,1,San Juan,26000,2269,32356,11914,25144,2088,11916,2465,88178
2022,1,San Luis,61000,643000,8287,3837,9802,68612,13,28589,119844
2022,1,Santa Cruz,51000,6898,12710,11502,12277,2628,2551,485000,49102
2022,1,Santa Fe,468000,12435,143796,208361,84787,58018,344170,18444,870479
2022,1,Santiago Del Estero,178000,1401,30220,61170,13542,849000,8309,792000,116461
2022,1,Tierra Del Fuego,24000,894000,12849,15640,18034,1767,982,2421,52611
2022,1,Tucuman,39000,2212,36028,46961,21014,5211,133846,273000,245584
2021,4,Buenos Aires,37821,11026,352950,331292,297296,196021,3259793,22958,4509157
2021,4,Capital Federal,563000,1695,47133,81899,66135,66755,1147939,0000,1412119
2021,4,Catamarca,71000,0,6038,7855,9804,3262,29827,2233,59090
2021,4,Chaco,461000,112000,18845,22678,21937,13692,58435,7585,143745
2021,4,Chubut,126000,1294,63698,39568,31175,5780,2904,15763,160308
2021,4,Cordoba,100000,2479,184548,130892,76246,41198,538700,12607,986770
2021,4,Corrientes,67000,645000,28830,26368,22922,10087,39911,7082,135912
2021,4,Entre Rios,107000,3024,56043,49636,38295,24068,77290,16583,265046
2021,4,Formosa,84000,0,22908,6983,6811,1135,13775,1967,53663
2021,4,Jujuy,58000,175000,22446,16793,38134,564000,33421,2324,113915
2021,4,La Pampa,301000,493000,64840,9082,12259,4821,12184,3027,107007
2021,4,La Rioja,18000,1000,5018,5437,23559,5671,43424,0000,83128
2021,4,Mendoza,156000,1463,66428,30308,75214,18621,75031,366000,267587
2021,4,Misiones,51000,5000,41916,23554,26721,15954,54596,8335,171132
2021,4,Neuquen,140000,940000,42313,13264,10515,3310,69217,7767,147466
2021,4,Rio Negro,156000,1174,38373,19878,31255,4130,36142,22645,153753
2021,4,Salta,114000,20000,40673,69324,6642,3535,72622,6475,199405
2021,4,San Juan,44000,1442,28906,10955,23978,398000,9800,4435,79958
2021,4,San Luis,62000,264000,8550,4276,9107,67363,9,29218,118849
2021,4,Santa Cruz,52000,297000,20305,11641,13054,1770,876,491000,48486
2021,4,Santa Fe,467000,581000,169706,206856,85690,62349,322015,18777,866441
2021,4,Santiago Del Estero,178000,909000,31915,61524,12205,800000,7537,793000,115861
2021,4,Tierra Del Fuego,26000,385000,13505,16534,16562,1748,1017,2580,52357
2021,4,Tucuman,39000,97000,37321,48736,21023,5326,125857,240000,238639
2021,3,Buenos Aires,37193,31149,1108940,248153,141383,192797,2482266,9728,4251609
2021,3,Capital Federal,295000,603000,156978,67013,39785,73502,1075229,0000,1413405
2021,3,Catamarca,71000,0,6755,8428,10517,1659,26618,2206,56254
2021,3,Chaco,301000,112000,22545,20986,23852,14412,49705,7958,139871
2021,3,Chubut,104000,105000,89168,26281,18538,5320,1643,14907,156066
2021,3,Cordoba,99000,2452,204989,141285,65050,47198,476459,9256,946788
2021,3,Corrientes,67000,645000,29629,28478,24792,9687,35468,5053,133819
2021,3,Entre Rios,107000,3024,61354,59776,39114,16284,67961,12755,260375
2021,3,Formosa,381000,0,22778,7142,6978,1192,12707,1617,52795
2021,3,Jujuy,48000,175000,23884,16417,37755,561000,29917,2401,111158
2021,3,La Pampa,298000,313000,65063,7395,8737,4023,10506,4152,100487
2021,3,La Rioja,18000,1000,5366,5979,23315,4868,42613,0000,82160
2021,3,Mendoza,36000,31000,151871,12640,62628,7596,21087,50000,255939
2021,3,Misiones,51000,5000,41932,25099,26079,14792,42291,8279,158528
2021,3,Neuquen,112000,327000,57441,8566,6234,3631,57919,5579,139809
2021,3,Rio Negro,125000,557000,68991,3730,14880,2282,34011,20009,144585
2021,3,Salta,101000,20000,41431,70104,6962,3878,67010,6327,195833
2021,3,San Juan,18000,333000,59873,752000,13250,338000,278,4641,79483
2021,3,San Luis,60000,0,11552,2405,6491,67942,22,29392,117864
2021,3,Santa Cruz,50000,0,30561,8365,6799,1788,678,735000,48976
2021,3,Santa Fe,467000,579000,193207,201250,83941,55080,290793,16267,841584
2021,3,Santiago Del Estero,123000,909000,32752,61838,11274,801000,6863,898000,115458
2021,3,Tierra Del Fuego,17000,0,23723,13397,9782,1433,976,895000,50223
2021,3,Tucuman,32000,97000,39446,50293,21986,5300,115154,164000,232472
2021,2,Buenos Aires,37192,31178,1096049,244001,140322,236897,2337604,9108,4132351
2021,2,Capital Federal,294000,603000,157558,73568,43859,86655,1037752,66000,1400355
2021,2,Catamarca,71000,0,7219,9091,6828,4941,25388,2206,55744
2021,2,Chaco,301000,112000,23444,21574,24032,16069,47239,7958,140729
2021,2,Chubut,104000,105000,89639,22605,16604,3896,1112,5172,139237
2021,2,Cordoba,99000,2452,201757,136516,66950,70824,442357,9925,930880
2021,2,Corrientes,67000,645000,29419,27037,24524,10059,32697,5053,129501
2021,2,Entre Rios,107000,3024,63518,55349,39468,18484,61605,16077,257632
2021,2,Formosa,381000,0,22364,7310,7460,1341,11077,1618,51551
2021,2,Jujuy,48000,175000,24182,16577,37908,607000,29950,2401,111848
2021,2,La Pampa,298000,554000,64146,7769,8128,3399,9311,4062,97667
2021,2,La Rioja,18000,1000,5312,5971,23298,4825,42158,19000,81602
2021,2,Mendoza,36000,31000,137462,10886,56117,4403,20686,50000,229671
2021,2,Misiones,51000,5000,41643,25907,25811,16172,38308,8279,156176
2021,2,Neuquen,112000,327000,57713,8631,5871,5943,54008,5645,138250
2021,2,Rio Negro,125000,557000,69356,3663,15019,3867,31488,20009,144084
2021,2,Salta,101000,20000,42543,67012,7099,9654,58882,6328,191639
2021,2,San Juan,18000,333000,59989,784000,12550,340000,278,4641,78933
2021,2,San Luis,60000,0,11752,2703,5418,65946,22,36917,122818
2021,2,Santa Cruz,50000,0,30595,8463,6888,1575,676,735000,48982
2021,2,Santa Fe,467000,896000,202018,204077,80452,75195,262124,15371,840600
2021,2,Santiago Del Estero,123000,909000,32034,62224,10359,811000,6064,1566,114090
2021,2,Tierra Del Fuego,17000,0,21335,6913,4580,476000,889,1483,35693
2021,2,Tucuman,32000,97000,40224,51648,23732,5022,109616,2680,233051
2021,1,Buenos Aires,36939,31187,1108368,240520,163747,222061,2246313,10867,4060002
2021,1,Capital Federal,135000,244000,159662,76753,56457,83255,1003041,126000,1379673
2021,1,Catamarca,71000,0,7423,8455,10115,712000,22996,2196,51968
2021,1,Chaco,301000,112000,24357,22102,27556,14496,42462,8384,139770
2021,1,Chubut,106000,109000,86986,21401,15392,2844,1112,4390,132340
2021,1,Cordoba,93000,2386,211799,135092,74659,71984,402191,12677,910881
2021,1,Corrientes,67000,527000,31544,26223,26169,9001,27641,5453,126625
2021,1,Entre Rios,105000,2911,67255,56060,42432,15774,54600,12826,251963
2021,1,Formosa,56000,0,22409,7569,7916,1215,9579,1942,50686
2021,1,Jujuy,49000,175000,23735,17293,40649,568000,25609,2378,110456
2021,1,La Pampa,298000,554000,68200,7864,7611,2786,7368,2424,97105
2021,1,La Rioja,18000,1000,36749,5968,4604,215000,5074,-1000,52628
2021,1,Mendoza,28000,40000,134386,11216,52533,4061,16615,44000,218923
2021,1,Misiones,51000,524000,40949,25503,27101,14050,32953,8256,149387
2021,1,Neuquen,116000,327000,56171,8443,5903,5677,50840,5758,133235
2021,1,Rio Negro,125000,466000,70011,4187,13045,3642,29589,20103,141168
2021,1,Salta,109000,20000,40785,68149,9164,8139,54889,6319,187574
2021,1,San Juan,25000,194000,60439,858000,11494,340000,276,4641,78267
2021,1,San Luis,58000,0,11889,2926,4429,62913,22,36917,119154
2021,1,Santa Cruz,50000,0,30655,8334,6987,1337,647,-1945,46065
2021,1,Santa Fe,518000,891000,201632,204458,91846,65476,236924,24382,826127
2021,1,Santiago Del Estero,123000,909000,33884,58464,8549,700000,4868,4144,111641
2021,1,Tierra Del Fuego,17000,0,21379,1468,4317,486000,919,11836,40422
2021,1,Tucuman,29000,97000,42810,53416,25255,4188,103437,2680,231912
2020,4,Buenos Aires,36939,31197,1109865,242243,214171,213588,2176242,9016,4033261
2020,4,Capital Federal,135000,244000,160210,78123,60208,80269,1000073,268000,1379530
2020,4,Catamarca,71000,0,8843,8740,11436,591000,20406,2309,52396
2020,4,Chaco,301000,112000,24782,22479,26802,15701,40949,7965,139091
2020,4,Chubut,106000,109000,88157,21824,12046,2818,1112,4402,130574
2020,4,Cordoba,119000,2386,214963,135262,82221,70013,384169,13568,902701
2020,4,Corrientes,67000,527000,31900,26321,25687,9383,26789,4985,125659
2020,4,Entre Rios,105000,2911,65659,53556,40755,16600,53141,14654,247381
2020,4,Formosa,56000,0,23540,7606,7181,1197,8946,1680,50206
2020,4,Jujuy,49000,182000,23772,14379,44930,446000,19282,2811,105851
2020,4,La Pampa,298000,554000,70184,8124,6562,2396,6257,2520,96895
2020,4,La Rioja,18000,1000,36906,6060,4633,181000,4979,0000,52778
2020,4,Mendoza,28000,40000,146312,11172,40396,3378,11557,2570,215453
2020,4,Misiones,51000,524000,39988,26078,26445,14810,32264,7001,147161
2020,4,Neuquen,116000,327000,56434,8478,5791,5493,50776,5720,133135
2020,4,Rio Negro,125000,466000,70305,4153,13131,3512,29372,20146,141210
2020,4,Salta,109000,514000,41443,68829,15188,8291,46697,6319,187390
2020,4,San Juan,25000,194000,61316,740000,5126,332000,275,4588,72596
2020,4,San Luis,58000,0,14020,3490,2688,62239,22,36918,119435
2020,4,Santa Cruz,47000,0,27173,4382,6634,1033,647,758000,40674
2020,4,Santa Fe,518000,891000,206372,203793,94246,65145,226246,23602,820813
2020,4,Santiago Del Estero,123000,909000,34518,57590,4666,411000,4520,3932,106669
2020,4,Tierra Del Fuego,17000,0,21881,6119,3497,488000,922,6690,39614
2020,4,Tucuman,29000,97000,44095,54334,32155,4105,93594,2680,231089
2020,3,Buenos Aires,37542,31514,1113823,234710,219772,194248,2085815,19853,3937277
2020,3,Capital Federal,264000,312000,162222,85083,68753,78028,977766,247000,1372675
2020,3,Catamarca,63000,0,8276,8768,11195,562000,18886,2154,49904
2020,3,Chaco,308000,112000,24675,21639,27546,13751,38729,7194,133954
2020,3,Chubut,158000,109000,87559,22114,12217,2818,1110,3942,130027
2020,3,Cordoba,168000,3064,218599,124833,84236,63823,361021,11728,867472
2020,3,Corrientes,72000,527000,35190,23315,25308,8615,25344,5020,123391
2020,3,Entre Rios,130000,2911,66648,51478,40797,14377,49395,15759,241495
2020,3,Formosa,391000,151000,23163,7432,7125,991000,8219,1737,49209
2020,3,Jujuy,55000,182000,32131,10566,45198,293000,15238,3065,106728
2020,3,La Pampa,293000,810000,66695,7820,5577,2189,6322,4029,93735
2020,3,La Rioja,21000,1000,37105,5955,4660,124000,4748,2000,52616
2020,3,Mendoza,58000,40000,141404,12123,42433,3448,8237,45000,207788
2020,3,Misiones,71000,524000,39005,24215,25942,13663,30987,8779,143186
2020,3,Neuquen,218000,327000,60463,6561,5975,5449,49439,803000,129235
2020,3,Rio Negro,114000,466000,68986,3769,7096,3455,28488,19093,131467
2020,3,Salta,129000,514000,32780,64736,15990,7928,43773,14996,180846
2020,3,San Juan,48000,194000,65526,711000,6529,41000,128,4150,77327
2020,3,San Luis,105000,0,12199,3351,2666,61319,8,36917,116565
2020,3,Santa Cruz,66000,0,26888,4015,6730,629000,120,833000,39281
2020,3,Santa Fe,568000,1241,213353,199381,92095,58797,210562,27001,802998
2020,3,Santiago Del Estero,133000,909000,33287,57418,4658,292000,3994,4801,105492
2020,3,Tierra Del Fuego,11000,0,22094,5414,3726,481000,937,6992,39655
2020,3,Tucuman,52000,97000,45913,54610,33126,3246,84195,2637,223876
2020,2,Buenos Aires,37542,31606,1129236,241336,233132,188995,1894466,21233,3777546
2020,2,Capital Federal,264000,312000,166474,94585,79858,80160,935481,687000,1357821
2020,2,Catamarca,63000,0,8801,8690,10242,426000,16578,3176,47976
2020,2,Chaco,308000,928000,24350,21140,29044,12082,33311,6969,128132
2020,2,Chubut,158000,109000,69578,22188,10537,1473,614,3999,108656
2020,2,Cordoba,168000,4383,219025,125932,89530,63216,325243,8971,836468
2020,2,Corrientes,72000,527000,34242,22845,25844,7898,22418,5020,118866
2020,2,Entre Rios,130000,3679,66758,50640,42090,12856,43391,14569,234113
2020,2,Formosa,391000,151000,23534,7109,6998,961000,7475,1313,47932
2020,2,Jujuy,55000,182000,30548,10519,26829,209000,9417,16557,94316
2020,2,La Pampa,293000,810000,71218,7531,3800,1657,3377,1123,89809
2020,2,La Rioja,21000,1000,37375,5661,4686,73000,4336,2000,52155
2020,2,Mendoza,58000,40000,142253,12439,35274,3248,5422,2450,201184
2020,2,Misiones,71000,524000,39867,23719,26445,12305,28763,8646,140340
2020,2,Neuquen,218000,327000,61171,6103,6625,5296,46432,0000,126172
2020,2,Rio Negro,114000,466000,70817,3335,7498,3246,26953,17057,129486
2020,2,Salta,129000,514000,41801,64463,16989,7741,39594,6531,177762
2020,2,San Juan,48000,194000,59113,917000,4908,40000,127,4430,69777
2020,2,San Luis,105000,0,11439,3585,1934,60889,8,35992,113952
2020,2,Santa Cruz,66000,0,26938,4166,6541,546000,119,493000,38869
2020,2,Santa Fe,568000,2061,213054,198772,96575,57236,189473,20193,777932
2020,2,Santiago Del Estero,133000,1779,32557,57709,5178,247000,3328,4516,105447
2020,2,Tierra Del Fuego,11000,0,22325,5186,3034,391000,796,7446,39189
2020,2,Tucuman,52000,97000,49028,54537,34184,2246,74377,2635,217156
2020,1,Buenos Aires,38215,36802,1122034,236421,247977,205780,1802583,28935,3718747
2020,1,Capital Federal,264000,312000,169651,102254,89665,85899,906009,0000,1354054
2020,1,Catamarca,63000,0,8838,7543,9558,408000,10299,2151,38860
2020,1,Chaco,308000,928000,23291,19976,29851,10416,28539,6917,120226
2020,1,Chubut,158000,109000,69586,12957,7756,1240,614,4500,96920
2020,1,Cordoba,142000,5128,217229,120188,95827,65733,296875,9802,810924
2020,1,Corrientes,72000,527000,33479,21382,26679,7351,19467,4780,113737
2020,1,Entre Rios,130000,4081,72280,47132,41125,11988,39794,13762,230292
2020,1,Formosa,1127,342000,23761,6500,6564,964000,6918,100000,46276
2020,1,Jujuy,55000,182000,33120,9979,26693,166000,7349,16545,94089
2020,1,La Pampa,293000,811000,72740,7199,3029,1342,2113,1618,89145
2020,1,La Rioja,21000,1000,37209,5158,4640,22000,1294,0000,48345
2020,1,Mendoza,58000,40000,140410,12285,17489,2860,3818,0000,176960
2020,1,Misiones,71000,524000,36622,21271,26433,11581,26313,10885,133700
2020,1,Neuquen,218000,327000,60152,5257,7123,5399,43738,0000,122214
2020,1,Rio Negro,114000,466000,69154,2930,7857,3199,25488,17719,126927
2020,1,Salta,129000,514000,38537,63714,17991,8625,34744,6441,170695
2020,1,San Juan,48000,194000,59787,1594,1292,40000,127,4779,67861
2020,1,San Luis,105000,0,11322,4164,525000,58258,5,36075,110454
2020,1,Santa Cruz,67000,11000,27447,4993,5169,529000,119,0000,38335
2020,1,Santa Fe,696000,2994,217553,196826,104560,48448,173823,17656,762556
2020,1,Santiago Del Estero,133000,1779,33086,56884,3737,135000,2799,4501,103054
2020,1,Tierra Del Fuego,11000,1000,22976,5024,1834,196000,518,7046,37606
2020,1,Tucuman,52000,97000,49555,50383,31096,1730,67536,0000,200449
2019,4,Buenos Aires,33489,27537,1177446,262297,247106,452570,1465133,20676,3686254
2019,4,Capital Federal,307000,15000,177098,110218,110852,205810,753805,0000,1358105
2019,4,Catamarca,63000,0,9945,7619,9305,804000,7477,3098,38311
2019,4,Chaco,83000,0,25899,18959,30902,13516,21556,6988,117903
2019,4,Chubut,158000,4000,69405,12945,7615,1240,614,4121,96102
2019,4,Cordoba,142000,0,232781,118232,109330,114111,221742,10350,806688
2019,4,Corrientes,72000,0,35055,20620,27367,9981,15744,4995,113834
2019,4,Entre Rios,47000,0,88203,44511,42962,18976,30153,14178,239030
2019,4,Formosa,1127,191000,24606,6319,6788,1766,5671,243000,46711
2019,4,Jujuy,55000,0,32920,9632,26764,102000,5286,14122,88881
2019,4,La Pampa,293000,313000,76747,6900,1951,1287,1342,1566,90399
2019,4,La Rioja,21000,0,37846,5045,4763,22000,1305,0000,49002
2019,4,Mendoza,746000,9000,145139,12955,15237,2165,2628,6901,185780
2019,4,Misiones,71000,0,39664,20840,27305,15626,20799,11508,135813
2019,4,Neuquen,218000,1000,57370,4439,7357,12059,35001,0000,116445
2019,4,Rio Negro,114000,0,71847,2797,8558,6968,19837,17019,127140
2019,4,Salta,149000,1000,42159,67656,15369,14170,25821,7120,172445
2019,4,San Juan,48000,1000,60626,1594,1292,40000,127,1246,64974
2019,4,San Luis,105000,0,11901,4164,525000,55216,3,36287,108201
2019,4,Santa Cruz,67000,0,32368,4346,2224,7000,8,350000,39370
2019,4,Santa Fe,698000,0,230234,190664,113527,70998,135576,27472,769169
2019,4,Santiago Del Estero,133000,908000,34911,56309,3756,105000,2449,5017,103588
2019,4,Tierra Del Fuego,11000,0,23593,5050,1848,139000,1962,7789,40392
2019,4,Tucuman,55000,0,54544,52017,28916,6405,56707,0000,198644
2019,3,Buenos Aires,238920,44648,1432722,222812,260506,483572,1246209,42294,3971683
2019,3,Capital Federal,104000,368000,269704,120924,138011,258591,655108,0000,1442810
2019,3,Catamarca,34000,43000,14449,9285,6333,72000,15,2151,32382
2019,3,Chaco,69000,1216,32764,28198,13336,12987,16740,6917,112227
2019,3,Chubut,74000,840000,62680,13033,7171,1240,614,4500,90152
2019,3,Cordoba,83000,5824,240151,106651,118486,146247,157546,7353,782341
2019,3,Corrientes,10000,597000,42231,29628,10348,10388,12674,4780,110656
2019,3,Entre Rios,19000,4446,99656,56161,17064,21216,22645,15107,236314
2019,3,Formosa,1110,349000,24943,6049,7117,2262,4443,100000,46373
2019,3,Jujuy,27000,885000,31722,9240,26835,56000,3671,16545,88981
2019,3,La Pampa,237000,3289,75849,5922,1611,1359,941,1618,90826
2019,3,La Rioja,9000,10000,38657,4786,4887,22000,1307,0000,49678
2019,3,Mendoza,21000,1269,206821,2958,10093,1263,349,0000,222774
2019,3,Misiones,47000,1928,43530,29375,11256,16107,16650,12206,131099
2019,3,Neuquen,45000,2258,62909,4586,9597,16923,28458,122000,124898
2019,3,Rio Negro,47000,1234,87435,2348,9779,10176,15505,17719,144243
2019,3,Salta,49000,900000,43160,62230,14309,11418,12357,7515,151938
2019,3,San Juan,22000,171000,68315,2245,1267,41000,128,4779,76968
2019,3,San Luis,57000,100000,18643,5113,467000,62242,5,36075,122702
2019,3,Santa Cruz,28000,84000,31612,4472,1203,27000,4,0000,37430
2019,3,Santa Fe,640000,8184,242454,193286,107068,84325,97082,19537,752576
2019,3,Santiago Del Estero,39000,1832,35554,55172,3612,86000,1836,34501,132632
2019,3,Tierra Del Fuego,6000,14000,32133,4692,1756,82000,226,9648,48557
2019,3,Tucuman,16000,110000,71043,47693,24354,843000,20385,0000,164444
2019,2,Buenos Aires,199768,46852,1436259,217785,438663,502275,985767,43438,3870807
2019,2,Capital Federal,74000,1027,281370,124087,239691,296155,475991,nan,1418395
2019,2,Catamarca,34000,43000,16631,8670,6049,34000,10,2151,33622
2019,2,Chaco,69000,1383,38488,26431,16789,15348,9904,1492,109904
2019,2,Chubut,66000,3952,69032,10049,1495,74000,165,4500,89333
2019,2,Cordoba,81000,8165,248427,100512,157458,170159,76053,8938,769793
2019,2,Corrientes,10000,3012,40424,27774,13114,11928,7119,6080,109461
2019,2,Entre Rios,18000,5905,100687,52316,23196,24221,10664,17206,234213
2019,2,Formosa,1110,349000,26512,5399,8384,2639,2258,100000,46751
2019,2,Jujuy,27000,940000,26233,8441,26700,27000,2600,21765,86733
2019,2,La Pampa,236000,3289,75406,5191,1366,1445,629,2661,90223
2019,2,La Rioja,9000,11000,39819,4297,4857,13000,1298,nan,50304
2019,2,Mendoza,20000,2522,205165,2971,10092,1256,234,nan,222260
2019,2,Misiones,47000,2226,45769,27385,15408,18882,8129,12206,130052
2019,2,Neuquen,302000,3038,61776,4688,17318,21210,14132,422000,122886
2019,2,Rio Negro,384000,1354,86366,2201,10291,12407,6907,18519,138429
2019,2,Salta,49000,974000,59638,36923,16961,14059,6461,7585,142650
2019,2,San Juan,22000,213000,60913,2177,785000,7000,4,6119,70240
2019,2,San Luis,57000,102000,16575,4964,467000,57236,5,37977,117383
2019,2,Santa Cruz,25000,84000,24861,3806,1202,28000,4,nan,30010
2019,2,Santa Fe,321000,8427,300124,125176,129741,100131,49865,22323,736108
2019,2,Santiago Del Estero,39000,1832,63268,21362,3741,108000,1205,34501,126056
2019,2,Tierra Del Fuego,6000,123000,41824,4241,1573,96000,32,nan,47895
2019,2,Tucuman,16000,157000,78891,44296,24291,628000,18394,nan,166673
2019,1,Buenos Aires,162513,72296,1429964,202511,576428,576859,705769,6369,3732709
2019,1,Capital Federal,74000,7417,283787,131007,330122,365713,283463,0000,1401583
2019,1,Catamarca,34000,1708,18761,6443,5606,29000,7,2151,34739
2019,1,Chaco,69000,3801,38719,25632,18965,12393,6368,1035,106982
2019,1,Chubut,66000,3938,71077,6571,787000,74000,165,0000,82678
2019,1,Cordoba,81000,20403,242769,96997,200681,127965,50716,6806,746418
2019,1,Corrientes,10000,6470,38402,26562,15498,9688,5029,0000,101659
2019,1,Entre Rios,18000,9217,107013,50068,28957,18146,7619,12142,233180
2019,1,Formosa,1110,3023,23085,5301,9027,2099,1654,0000,45299
2019,1,Jujuy,27000,2817,30727,7811,4021,30000,1141,37162,83736
2019,1,La Pampa,236000,8327,70538,4466,1061,1354,405,698000,87085
2019,1,La Rioja,9000,1169,40285,4088,5216,17000,869,0000,51653
2019,1,Mendoza,20000,1786,205383,2837,5702,111000,140,0000,215979
2019,1,Misiones,47000,5946,45266,25890,19111,16552,5167,7654,125633
2019,1,Neuquen,1328,3055,52360,1781,21452,17135,11026,6105,114242
2019,1,Rio Negro,384000,1583,84845,2037,13615,9567,5076,3719,120826
2019,1,Salta,49000,4232,59244,36473,22910,10861,2242,1000,136012
2019,1,San Juan,22000,229000,62380,266000,520000,3000,2,560000,63982
2019,1,San Luis,57000,120000,21380,53214,345000,6000,2,23577,98701
2019,1,Santa Cruz,25000,128000,21990,2731,702000,26000,4,0000,25606
2019,1,Santa Fe,333000,29350,296798,122959,153212,74575,36502,18591,732320
2019,1,Santiago Del Estero,39000,3372,62895,20691,3959,85000,494,0000,91535
2019,1,Tierra Del Fuego,6000,131000,38851,3623,641000,80000,29,0000,43361
2019,1,Tucuman,16000,5188,82240,42877,26210,847000,14839,0000,172217
2018,4,Buenos Aires,134673,73761,1422463,194426,577679,949093,265386,19125,3636606
2018,4,Capital Federal,74000,7388,283281,143309,330496,437662,186810,0000,1389020
2018,4,Catamarca,34000,1669,17955,6425,5461,29000,7,2003,33583
2018,4,Chaco,69000,3405,36437,25633,18965,12393,6368,0000,103270
2018,4,Chubut,66000,3917,66061,6215,531000,623000,165,1144,78722
2018,4,Cordoba,81000,24102,228475,97277,201639,128053,48809,8903,737339
2018,4,Corrientes,10000,6438,37376,26562,15498,9688,5029,0000,100601
2018,4,Entre Rios,18000,8769,94780,50027,29002,18146,7612,13693,222047
2018,4,Formosa,1110,3074,22962,5285,9027,2092,1654,0000,45204
2018,4,Jujuy,27000,2803,30727,7811,4021,30000,1141,43573,90133
2018,4,La Pampa,241000,7727,70508,3661,978000,1328,270,923000,85636
2018,4,La Rioja,9000,1164,40285,4088,5216,17000,869,3000,51651
2018,4,Mendoza,20000,1463,197450,2494,4726,19000,132,0000,206304
2018,4,Misiones,47000,5981,43267,26019,19226,16566,5167,0000,116273
2018,4,Neuquen,1328,3044,52313,1781,21452,17135,11025,6287,114365
2018,4,Rio Negro,384000,1225,83412,643000,13440,9569,5070,3094,116837
2018,4,Salta,49000,3659,58492,36365,22910,10861,2242,0000,134578
2018,4,San Juan,22000,1465,59811,180000,312000,1000,1,606000,62398
2018,4,San Luis,57000,109000,19164,53183,119000,62000,2,23635,96331
2018,4,Santa Cruz,25000,115000,23107,779000,206000,1000,4,531000,24768
2018,4,Santa Fe,335000,31397,276301,121009,152039,74432,36427,28450,720390
2018,4,Santiago Del Estero,39000,3250,61347,20127,3686,77000,483,326000,89335
2018,4,Tierra Del Fuego,6000,27000,29919,6323,9894,24000,67,0000,46260
2018,4,Tucuman,16000,5244,82089,42766,26111,847000,14839,92000,172004
2018,3,Buenos Aires,991000,80459,1445733,190805,636090,897964,237248,120464,3609754
2018,3,Capital Federal,73000,8493,287919,147253,370677,415020,165055,0000,1394490
2018,3,Catamarca,34000,1994,18475,6358,5320,34000,7,2151,34373
2018,3,Chaco,70000,3503,38729,24916,20335,11085,5667,1035,105340
2018,3,Chubut,67000,3951,91096,6162,531000,623000,164,0000,102594
2018,3,Cordoba,81000,24767,224471,96372,221984,109333,39854,6490,723352
2018,3,Corrientes,11000,6754,38364,24953,16601,8357,4419,0000,99459
2018,3,Entre Rios,18000,9048,96095,45651,31353,15111,6786,0000,204062
2018,3,Formosa,1110,3365,22624,5259,9336,1729,1434,0000,44857
2018,3,Jujuy,345000,3020,29048,7756,4066,39000,623,0000,44897
2018,3,La Pampa,242000,8417,68507,3153,920000,1189,216,698000,83342
2018,3,La Rioja,9000,1291,40647,4138,5425,20000,339,0000,51869
2018,3,Mendoza,20000,1525,199297,2476,4727,27000,129,0000,208201
2018,3,Misiones,48000,5749,39617,24747,21212,14674,4547,0000,110594
2018,3,Neuquen,1396,2244,55822,1647,23785,15218,9718,6105,115935
2018,3,Rio Negro,409000,5221,75929,512000,14912,8470,4332,3719,113504
2018,3,Salta,116000,3721,61795,32782,25582,9224,502,0000,133722
2018,3,San Juan,22000,1326,62525,180000,312000,3000,1,0000,64369
2018,3,San Luis,57000,109000,19170,52940,119000,63000,2,1902,74362
2018,3,Santa Cruz,26000,116000,32815,778000,206000,1000,3,0000,33945
2018,3,Santa Fe,467000,36786,269211,115907,162545,62479,31266,13911,692572
2018,3,Santiago Del Estero,41000,2550,60260,19116,3806,64000,265,0000,86102
2018,3,Tierra Del Fuego,6000,187000,41569,2270,231000,24000,13,0000,44300
2018,3,Tucuman,16000,5993,81559,43282,27062,941000,12187,0000,171040
2018,2,Buenos Aires,1009,81354,1459443,295457,816056,536049,199589,113357,3502314
2018,2,Capital Federal,73000,9234,290291,219166,445345,264805,142253,0000,1371167
2018,2,Catamarca,34000,2414,14624,6112,4347,36000,6,6500,34073
2018,2,Chaco,70000,2968,34167,24282,21887,9251,4630,1035,98290
2018,2,Chubut,67000,4471,85598,5369,4000,5000,9,5010,100533
2018,2,Cordoba,81000,21779,219630,102596,244291,78852,34950,8110,710289
2018,2,Corrientes,11000,7047,38268,24066,17926,6780,3862,0000,97960
2018,2,Entre Rios,18000,8179,94459,44570,34281,12012,5920,0000,199439
2018,2,Formosa,1110,3568,22409,5176,9727,1313,1243,0000,44546
2018,2,Jujuy,345000,3320,29319,8083,3977,44000,7,0000,45095
2018,2,La Pampa,244000,8797,68083,2409,965000,969000,179,698000,82344
2018,2,La Rioja,9000,1384,40679,4198,5640,20000,15,0000,51945
2018,2,Mendoza,20000,1658,164596,515000,266000,17000,72,33788,200932
2018,2,Misiones,48000,6092,39489,23569,23747,11888,3866,0000,108699
2018,2,Neuquen,1396,2408,56035,1314,26417,12442,8551,6105,114668
2018,2,Rio Negro,409000,5298,75056,523000,16480,6663,3725,3975,112129
2018,2,Salta,116000,3990,61763,33285,28431,7239,182,0000,135006
2018,2,San Juan,22000,1378,57591,11000,0,3000,0,5068,64073
2018,2,San Luis,57000,101000,11992,11000,0,7000,2,9284,21454
2018,2,Santa Cruz,26000,120000,28600,655000,100000,1000,3,4267,33772
2018,2,Santa Fe,744000,34267,262603,112143,175540,50525,26512,22257,684591
2018,2,Santiago Del Estero,41000,2717,41362,18721,3278,31000,31,17589,83770
2018,2,Tierra Del Fuego,6000,188000,40912,2217,75000,0,0,107000,43505
2018,2,Tucuman,16000,6735,79899,44968,27059,1084,8784,1305,169850
2018,1,Buenos Aires,1514,74766,1445752,292732,886678,480237,184203,105818,3471700
2018,1,Capital Federal,89000,10039,292566,222737,487826,227953,127384,0000,1368594
2018,1,Catamarca,34000,2896,14770,6145,3539,41000,4,6500,33929
2018,1,Chaco,70000,3261,32516,24488,23296,8219,3897,1035,96782
2018,1,Chubut,67000,4314,83161,5358,4000,5000,9,5010,97928
2018,1,Cordoba,281000,23922,222815,104300,266259,57137,29228,10049,713991
2018,1,Corrientes,11000,5005,37152,24038,19068,5890,3256,0000,94420
2018,1,Entre Rios,18000,8861,90080,45599,37401,9818,5071,0000,196848
2018,1,Formosa,1110,3803,10092,5117,10061,1091,1046,0000,32320
2018,1,Jujuy,345000,4807,27219,8044,3925,49000,4,0000,44393
2018,1,La Pampa,245000,8119,67104,1616,1076,614000,98,3503,82375
2018,1,La Rioja,9000,1485,40680,4217,5831,19000,1,0000,52242
2018,1,Mendoza,20000,1662,164599,501000,266000,19000,72,33788,200927
2018,1,Misiones,48000,4700,35820,23291,26223,10241,3219,0000,103542
2018,1,Neuquen,1396,2367,59468,1311,29012,9709,7378,6105,116746
2018,1,Rio Negro,409000,5333,74894,530000,17997,4972,3129,3975,111239
2018,1,Salta,116000,4459,60334,33088,30771,5145,88,0000,134001
2018,1,San Juan,22000,1058,57078,11000,0,3000,0,5068,63240
2018,1,San Luis,57000,101000,11920,11000,0,7000,2,9284,21382
2018,1,Santa Cruz,26000,120000,28600,655000,100000,1000,3,4267,33772
2018,1,Santa Fe,1359,33639,262008,108576,188900,39589,22801,23181,680053
2018,1,Santiago Del Estero,41000,2910,41298,18914,3449,33000,2,17589,84236
2018,1,Tierra Del Fuego,6000,307000,33987,2000,0,0,0,107000,34409
2018,1,Tucuman,16000,7472,78811,45675,26405,1218,7082,1305,167984
2017,4,Buenos Aires,3865,55046,1551194,264645,712513,335140,151747,114182,3188332
2017,4,Capital Federal,314000,31411,517018,284040,458120,178396,114939,0000,1584238
2017,4,Catamarca,34000,3182,15315,5904,2927,43000,2,2151,29558
2017,4,Chaco,70000,3432,37144,24088,20123,7290,3289,1035,96471
2017,4,Chubut,67000,4313,83676,5355,7000,5000,9,0000,93432
2017,4,Cordoba,291000,25411,280837,102892,217602,40898,24251,8429,700611
2017,4,Corrientes,11000,5220,41080,23686,16046,5053,2675,0000,93771
2017,4,Entre Rios,1685,9078,95466,45189,30010,7958,4113,0000,193499
2017,4,Formosa,1110,4061,13220,4867,6996,977000,824,0000,32055
2017,4,Jujuy,345000,5364,26566,7721,3507,44000,3,0000,43550
2017,4,La Pampa,310000,8729,66053,1227,792000,391000,81,3503,81086
2017,4,La Rioja,9000,1488,40777,4083,5813,22000,3,0000,52195
2017,4,Mendoza,26000,1656,177646,438000,278000,29000,81,0000,180154
2017,4,Misiones,1053,3900,41723,23131,22262,9091,2735,0000,103895
2017,4,Neuquen,1396,2372,68036,1325,22781,7528,6300,6105,115843
2017,4,Rio Negro,409000,5598,81078,485000,12502,3447,2440,3719,109678
2017,4,Salta,636000,4275,73284,32842,18968,3559,84,0000,133648
2017,4,San Juan,22000,1062,57525,9000,0,2000,2,0000,58622
2017,4,San Luis,59000,101000,12822,8000,0,1000,7,1902,14900
2017,4,Santa Cruz,68000,78000,29073,655000,100000,1000,3,0000,29978
2017,4,Santa Fe,3109,34132,309998,108939,151329,30736,19602,14119,671964
2017,4,Santiago Del Estero,41000,3091,43544,18773,3359,32000,2,0000,68842
2017,4,Tierra Del Fuego,6000,310000,31334,2000,0,0,0,0000,31652
2017,4,Tucuman,105000,8164,78750,45241,24318,1303,4367,0000,162248
2017,3,Buenos Aires,6577,51411,1733479,311652,676137,140812,108400,0000,3028468
2017,3,Capital Federal,283000,33924,590689,311411,426300,120675,91917,0000,1575199
2017,3,Catamarca,52000,3204,15383,5758,2563,50000,1,0000,27011
2017,3,Chaco,95000,3496,40059,23008,20307,3827,2004,0000,92796
2017,3,Chubut,436000,3989,71843,2336,3000,0,0,0000,78607
2017,3,Cordoba,327000,26154,309161,100113,189302,38131,16741,0000,679929
2017,3,Corrientes,24000,5629,44305,22785,15576,2635,1607,0000,92561
2017,3,Entre Rios,1691,7545,98032,42947,29011,3878,2397,0000,185501
2017,3,Formosa,1063,3716,13752,5187,6056,899000,459,0000,31132
2017,3,Jujuy,337000,5723,26835,7369,2962,41000,2,0000,43269
2017,3,La Pampa,343000,8244,64794,855000,588000,327000,51,0000,75202
2017,3,La Rioja,16000,1497,40882,3899,5604,23000,3,0000,51924
2017,3,Mendoza,32000,95000,158461,115000,67000,29000,19,0000,158818
2017,3,Misiones,1058,4123,42900,22808,23913,3843,1881,0000,100526
2017,3,Neuquen,2036,1457,72532,1034,20213,7067,4937,0000,109276
2017,3,Rio Negro,422000,5641,83900,306000,10116,2965,1659,0000,105009
2017,3,Salta,645000,4494,78830,32433,14620,2315,63,0000,133400
2017,3,San Juan,31000,1077,57582,1000,0,2000,2,0000,58695
2017,3,San Luis,63000,3000,12325,7000,0,1000,7,0000,12406
2017,3,Santa Cruz,188000,23000,29102,542000,66000,33000,1,0000,29955
2017,3,Santa Fe,3116,34019,320017,104453,125339,24536,12982,0000,624462
2017,3,Santiago Del Estero,69000,3288,40435,18489,3047,30000,2,0000,65360
2017,3,Tierra Del Fuego,9000,297000,33858,0,0,0,0,0000,34164
2017,3,Tucuman,109000,8948,83070,45302,20514,1361,655,0000,159959
2017,2,Buenos Aires,7548,47472,1910156,299009,573298,93059,46178,0000,2976720
2017,2,Capital Federal,556000,35663,726223,304970,378571,80234,37977,0000,1564194
2017,2,Catamarca,15000,3318,15655,5325,2342,47000,1,0000,26703
2017,2,Chaco,191000,3733,42590,22349,18044,3157,545,0000,90609
2017,2,Chubut,403000,4186,73760,1880,0,0,0,0000,80229
2017,2,Cordoba,251000,26862,370865,88479,146683,20351,5069,0000,658560
2017,2,Corrientes,15000,5912,46483,21776,13043,2218,647,0000,90094
2017,2,Entre Rios,1680,7944,104422,41800,23524,2604,823,0000,182797
2017,2,Formosa,1486,3419,14787,4795,4583,749000,139,0000,29958
2017,2,Jujuy,311000,5877,26915,6974,2538,42000,1,0000,42658
2017,2,La Pampa,356000,8633,59045,558000,336000,244000,21,0000,69193
2017,2,La Rioja,9000,1554,9304,3599,1796,24000,2,0000,16288
2017,2,Mendoza,109000,24000,177203,92000,50000,5000,22,0000,177505
2017,2,Misiones,1011,4447,47244,22033,21599,2892,570,0000,99796
2017,2,Neuquen,1542,1395,81272,849000,18051,4774,1703,0000,109586
2017,2,Rio Negro,973000,5606,88085,245000,7990,1921,559,0000,105379
2017,2,Salta,594000,4719,67576,23185,11333,1068,76,0000,108551
2017,2,San Juan,15000,193000,58588,0,0,0,4,0000,58800
2017,2,San Luis,8000,4000,14014,0,0,1000,2,0000,14029
2017,2,Santa Cruz,188000,24000,30913,541000,66000,33000,0,0000,31765
2017,2,Santa Fe,4967,38721,311830,92854,97563,16794,4275,0000,567004
2017,2,Santiago Del Estero,26000,3539,20384,6432,2802,16000,0,0000,33199
2017,2,Tierra Del Fuego,16000,285000,35409,0,0,0,0,0000,35710
2017,2,Tucuman,96000,9236,83342,42536,17788,1371,21,0000,154390
2017,1,Buenos Aires,6017,83918,2057698,402315,523540,90937,22299,0000,3186724
2017,1,Capital Federal,510000,1409,678922,218487,277195,66536,19881,0000,1262940
2017,1,Catamarca,15000,3328,15861,4901,2161,49000,0,0000,26315
2017,1,Chaco,191000,3835,44544,21467,15671,3025,314,0000,89047
2017,1,Chubut,401000,4182,73759,1808,0,0,0,0000,80150
2017,1,Cordoba,50000,28732,391556,82011,118643,19035,2071,0000,642098
2017,1,Corrientes,15000,6040,48149,20586,11468,2044,303,0000,88605
2017,1,Entre Rios,1680,8080,108379,39146,20562,2254,317,0000,180418
2017,1,Formosa,1535,3538,15473,4446,4058,635000,22,0000,29707
2017,1,Jujuy,330000,6213,27824,6486,2306,44000,0,0000,43203
2017,1,La Pampa,362000,9279,57739,331000,192000,165000,11,0000,68079
2017,1,La Rioja,9000,1578,9486,3409,1718,22000,2,0000,16224
2017,1,Mendoza,106000,15000,177201,86000,50000,5000,22,0000,177485
2017,1,Misiones,1010,4665,45950,23847,19356,2627,166,0000,97621
2017,1,Neuquen,1547,1418,83813,902000,15130,4223,458,0000,107491
2017,1,Rio Negro,986000,5647,89622,246000,6738,1594,200,0000,105033
2017,1,Salta,579000,4861,70922,21554,9386,267000,74,0000,107643
2017,1,San Juan,8000,192000,58588,0,0,0,4,0000,58792
2017,1,San Luis,8000,4000,14014,0,0,1000,2,0000,14029
2017,1,Santa Cruz,190000,23000,31078,474000,68000,30000,0,0000,31863
2017,1,Santa Fe,4966,39463,340418,77152,83008,15775,1831,0000,562613
2017,1,Santiago Del Estero,26000,3772,21659,6218,2786,17000,0,0000,34478
2017,1,Tierra Del Fuego,16000,285000,35409,0,0,0,0,0000,35710
2017,1,Tucuman,96000,9682,86470,39155,15951,1383,13,0000,152750
2016,4,Buenos Aires,6055,86281,2085605,403575,467398,72348,17279,0000,3138541
2016,4,Capital Federal,517000,1477,704324,225723,264582,53506,16756,0000,1266885
2016,4,Catamarca,15000,3478,16519,4889,2077,54000,0,0000,27032
2016,4,Chaco,191000,3983,45634,21323,14887,2586,250,0000,88854
2016,4,Chubut,401000,4493,73951,1352,0,0,0,0000,80197
2016,4,Cordoba,50000,29380,404645,77966,108368,15458,1606,0000,637473
2016,4,Corrientes,15000,6109,48995,20187,10908,1645,234,0000,88093
2016,4,Entre Rios,1680,8253,110296,38491,19509,1801,280,0000,180310
2016,4,Formosa,1573,3519,15791,4114,3855,649000,17,0000,29518
2016,4,Jujuy,303000,6225,27778,6143,2134,43000,0,0000,42626
2016,4,La Pampa,368000,9789,56694,16000,335000,132000,11,0000,67345
2016,4,La Rioja,9000,1646,9635,3334,1675,13000,3,0000,16315
2016,4,Mendoza,114000,16000,177194,79000,49000,5000,20,0000,177477
2016,4,Misiones,1010,4783,47454,23433,18371,2215,126,0000,97392
2016,4,Neuquen,1539,1406,84859,792000,14153,3073,271,0000,106093
2016,4,Rio Negro,998000,2953,92967,248000,6317,1174,122,0000,104779
2016,4,Salta,577000,5027,71636,20787,8611,239000,70,0000,106947
2016,4,San Juan,8000,220000,58608,0,0,0,4,0000,58840
2016,4,San Luis,8000,4000,14014,0,0,1000,2,0000,14029
2016,4,Santa Cruz,189000,23000,31369,342000,80000,10000,0,0000,32013
2016,4,Santa Fe,4966,40102,349722,74401,77667,13155,1529,0000,561542
2016,4,Santiago Del Estero,26000,3925,22246,6178,2664,15000,0,0000,35054
2016,4,Tierra Del Fuego,16000,285000,35409,0,0,0,0,0000,35710
2016,4,Tucuman,96000,10021,87994,37721,14389,1400,10,0000,151631
2016,3,Buenos Aires,5856,107945,2148475,393530,399116,52900,13318,0000,3121140
2016,3,Capital Federal,331000,995000,759028,208249,240856,38341,13886,0000,1261686
2016,3,Catamarca,15000,4038,16183,4845,1853,50000,0,0000,26984
2016,3,Chaco,190000,5227,46821,21193,13746,2022,217,0000,89416
2016,3,Chubut,466000,5190,74375,674000,0,0,0,0000,80705
2016,3,Cordoba,48000,41329,415075,75988,99225,11691,1322,0000,644678
2016,3,Corrientes,15000,7425,49471,19956,10006,1263,210,0000,88346
2016,3,Entre Rios,1768,10657,110844,38665,17737,1307,248,0000,181226
2016,3,Formosa,1723,4277,15581,3964,3658,648000,10,0000,29861
2016,3,Jujuy,286000,6878,27425,5943,1978,31000,0,0000,42541
2016,3,La Pampa,374000,10187,55792,15000,224000,114000,11,0000,66717
2016,3,La Rioja,9000,2349,9686,3316,1562,11000,2,0000,16935
2016,3,Mendoza,37000,10000,178186,73000,48000,5000,17,0000,178376
2016,3,Misiones,1010,6030,48871,23394,17043,1559,91,0000,97998
2016,3,Neuquen,1531,1527,87404,680000,12541,2118,225,0000,106026
2016,3,Rio Negro,1007,6026,90689,207000,5953,790000,99,0000,104771
2016,3,Salta,1107,6922,71214,20229,8099,197000,50,0000,107818
2016,3,San Juan,8000,245000,58577,0,0,0,2,0000,58832
2016,3,San Luis,7000,4000,14077,0,0,1000,2,0000,14091
2016,3,Santa Cruz,189000,22000,31904,221000,52000,9000,0,0000,32397
2016,3,Santa Fe,3958,49501,360606,72657,69864,10210,1308,0000,568104
2016,3,Santiago Del Estero,26000,5097,22747,6216,2497,9000,0,0000,36592
2016,3,Tierra Del Fuego,16000,285000,35080,0,0,0,0,0000,35381
2016,3,Tucuman,127000,12247,87970,36518,13150,1288,4,0000,151304
2016,2,Buenos Aires,10786,133385,2250898,335296,334723,31494,11933,0000,3108515
2016,2,Capital Federal,4352,1736,859039,146091,213010,19597,13477,0000,1257302
2016,2,Catamarca,15000,5736,14742,4567,1496,47000,1,0000,26604
2016,2,Chaco,197000,8063,45823,20346,12090,1571,201,0000,88291
2016,2,Chubut,572000,5421,73078,775000,0,0,0,0000,79846
2016,2,Cordoba,258000,57050,437547,71980,82618,8355,1242,0000,659050
2016,2,Corrientes,41000,10018,47916,19200,8851,803000,191,0000,87020
2016,2,Entre Rios,4734,16368,115000,36917,15522,849000,205,0000,189595
2016,2,Formosa,1675,5401,14370,3569,3218,593000,10,0000,28836
2016,2,Jujuy,2561,8292,25301,5589,1750,3000,0,0000,43496
2016,2,La Pampa,429000,10616,63928,15000,119000,96000,11,0000,75214
2016,2,La Rioja,10000,3151,9043,3190,1344,3000,5,0000,16746
2016,2,Mendoza,437000,30000,176922,61000,44000,5000,20,0000,177519
2016,2,Misiones,1973,7899,49586,21385,14820,1073,96,0000,96832
2016,2,Neuquen,1916,1691,88854,583000,10241,1285,208,0000,104778
2016,2,Rio Negro,1189,6107,92158,194000,4877,520000,86,0000,105131
2016,2,Salta,2160,10123,70875,18759,7129,140000,49,0000,109235
2016,2,San Juan,10000,273000,57589,0,0,0,4,0000,57876
2016,2,San Luis,12000,4000,13931,0,0,1000,2,0000,13950
2016,2,Santa Cruz,244000,26000,31995,142000,20000,0,0,0000,32427
2016,2,Santa Fe,9486,67325,374960,68505,60469,6509,1277,0000,588531
2016,2,Santiago Del Estero,704000,6705,22208,5943,2108,1000,0,0000,37669
2016,2,Tierra Del Fuego,16000,286000,38773,0,0,0,0,0000,39075
2016,2,Tucuman,231000,18515,83945,33891,11310,1032,2,0000,148926
2016,1,Buenos Aires,7351,97880,2214760,289929,247372,8315,9529,0000,2875136
2016,1,Capital Federal,2310,43686,869048,178665,192644,6577,10838,0000,1303768
2016,1,Catamarca,15000,6102,14653,4241,1334,42000,1,0000,26388
2016,1,Chaco,194000,8755,46304,19388,10587,1238,184,0000,86650
2016,1,Chubut,94000,5095,72396,1066,0,0,0,0000,78651
2016,1,Cordoba,148000,59484,414452,65763,66455,4143,1039,0000,611484
2016,1,Corrientes,29000,10690,47833,18375,7911,526000,170,0000,85534
2016,1,Entre Rios,2864,17749,104137,35104,14057,457000,165,0000,174533
2016,1,Formosa,1738,5731,14163,3229,2906,544000,5,0000,28316
2016,1,Jujuy,2543,8558,22383,5188,1623,0,0,0000,40295
2016,1,La Pampa,426000,11065,52117,15000,78000,71000,11,0000,63783
2016,1,La Rioja,10000,3382,9060,2980,1254,2000,3,0000,16691
2016,1,Mendoza,235000,21000,175376,47000,43000,5000,17,0000,175744
2016,1,Misiones,959000,8502,50061,19195,13363,779000,68,0000,92927
2016,1,Neuquen,1720,1737,86310,479000,7893,143000,171,0000,98453
2016,1,Rio Negro,1171,6105,90038,203000,4246,77000,81,0000,101921
2016,1,Salta,1119,10765,65646,17748,6643,119000,31,0000,102071
2016,1,San Juan,9000,309000,56447,0,0,0,2,0000,56767
2016,1,San Luis,8000,4000,13645,0,0,1000,2,0000,13660
2016,1,Santa Cruz,168000,29000,32188,8000,0,0,0,0000,32393
2016,1,Santa Fe,6492,71565,353525,64117,51293,3754,1063,0000,551809
2016,1,Santiago Del Estero,703000,7219,22805,5769,1898,0,0,0000,38394
2016,1,Tierra Del Fuego,16000,285000,33003,0,0,0,0,0000,33304
2016,1,Tucuman,106000,20092,84008,31490,10046,871000,0,0000,146613
2015,4,Buenos Aires,7985,100303,2253197,274560,240188,3835,8180,0000,2888246
2015,4,Capital Federal,2417,46568,916813,172029,198635,3087,10899,0000,1350450
2015,4,Catamarca,15000,6513,14484,4106,1313,39000,1,0000,26471
2015,4,Chaco,194000,9593,46771,18608,10092,1136,159,0000,86553
2015,4,Chubut,625000,5774,71881,168000,0,0,0,0000,78448
2015,4,Cordoba,148000,63746,427471,62989,67151,3336,1088,0000,625929
2015,4,Corrientes,29000,11248,48104,17877,7569,456000,150,0000,85433
2015,4,Entre Rios,2865,18883,104224,33989,13668,399000,163,0000,174191
2015,4,Formosa,1791,6081,14279,2704,2713,519000,4,0000,28091
2015,4,Jujuy,2551,8876,21867,5044,1587,0,0,0000,39925
2015,4,La Pampa,592000,12951,48798,16000,63000,49000,10,0000,62479
2015,4,La Rioja,10000,3638,9127,2937,1215,2000,3,0000,16932
2015,4,Mendoza,241000,23000,174719,38000,41000,5000,13,0000,175080
2015,4,Misiones,959000,9169,51029,17281,13690,675000,52,0000,92855
2015,4,Neuquen,1727,2061,89678,455000,7934,9000,175,0000,102039
2015,4,Rio Negro,3282,4473,89062,201000,4024,5000,75,0000,101122
2015,4,Salta,1122,11387,65677,17139,6507,99000,5,0000,101936
2015,4,San Juan,9000,386000,55761,0,0,0,2,0000,56158
2015,4,San Luis,8000,4000,13473,0,0,1000,2,0000,13488
2015,4,Santa Cruz,188000,26000,32338,3000,0,0,0,0000,32555
2015,4,Santa Fe,6659,75770,361264,60985,51258,3079,1189,0000,560204
2015,4,Santiago Del Estero,703000,7836,23074,5669,1856,0,0,0000,39138
2015,4,Tierra Del Fuego,16000,285000,32662,0,0,0,0,0000,32963
2015,4,Tucuman,107000,21800,83887,29942,9507,837000,0,0000,146080
2015,3,Buenos Aires,8361,107351,2266948,262564,200491,2642,7720,0000,2856078
2015,3,Capital Federal,2448,49340,942525,159618,175594,2028,10022,0000,1341574
2015,3,Catamarca,15000,6871,14206,4143,812000,43000,1,0000,26091
2015,3,Chaco,240000,10353,47131,19016,7498,979000,157,0000,85374
2015,3,Chubut,641000,5886,71668,167000,0,0,0,0000,78362
2015,3,Cordoba,150000,68765,429787,61109,59372,2582,1048,0000,622813
2015,3,Corrientes,33000,11921,48127,18168,6111,453000,146,0000,84959
2015,3,Entre Rios,2863,20385,103990,34788,9924,384000,153,0000,172487
2015,3,Formosa,1862,6521,14354,2791,1842,379000,2,0000,27751
2015,3,Jujuy,2549,9278,21588,5169,966000,0,0,0000,39550
2015,3,La Pampa,613000,13087,47660,9000,55000,39000,10,0000,61473
2015,3,La Rioja,10000,3840,9102,2984,832000,0,3,0000,16771
2015,3,Mendoza,256000,25000,173430,45000,18000,5000,13,0000,173792
2015,3,Misiones,958000,9809,51234,17367,11654,559000,43,0000,91624
2015,3,Neuquen,1733,2124,85044,210000,6599,2000,155,0000,95867
2015,3,Rio Negro,3372,4457,88691,99000,3826,1000,62,0000,100508
2015,3,Salta,1126,12223,65405,17451,4318,61000,5,0000,100589
2015,3,San Juan,9000,391000,54963,0,0,0,2,0000,55365
2015,3,San Luis,9000,4000,13286,0,0,1000,2,0000,13302
2015,3,Santa Cruz,190000,25000,32266,2000,0,0,0,0000,32483
2015,3,Santa Fe,6767,80817,363177,59531,42021,2320,1133,0000,555766
2015,3,Santiago Del Estero,703000,8332,23158,5956,1249,0,0,0000,39398
2015,3,Tierra Del Fuego,15000,285000,36408,2000,0,0,0,0000,36710
2015,3,Tucuman,107000,23687,83654,29998,6232,623000,0,0000,144301
2015,2,Buenos Aires,8714,137189,2299705,243503,159922,2010,6712,0000,2857754
2015,2,Capital Federal,2493,51799,990112,148569,142976,1482,9258,0000,1346690
2015,2,Catamarca,15000,7253,14003,3776,593000,37000,1,0000,25678
2015,2,Chaco,288000,11058,47551,17675,6337,788000,149,0000,83846
2015,2,Chubut,656000,6032,55791,168000,0,0,0,0000,62647
2015,2,Cordoba,156000,72695,434717,54993,46415,1956,903,0000,611835
2015,2,Corrientes,34000,12542,48015,17184,5039,379000,126,0000,83319
2015,2,Entre Rios,2864,21986,104043,32293,7867,354000,136,0000,169543
2015,2,Formosa,1881,6907,14247,2436,1324,257000,1,0000,27053
2015,2,Jujuy,2479,9474,20248,4792,730000,0,0,0000,37723
2015,2,La Pampa,5737,8182,46235,27000,24000,25000,10,0000,60240
2015,2,La Rioja,10000,4082,9093,2680,641000,0,3,0000,16509
2015,2,Mendoza,268000,26000,170451,42000,16000,5000,13,0000,170821
2015,2,Misiones,958000,10360,51671,15022,10072,408000,33,0000,88524
2015,2,Neuquen,1755,2348,82727,214000,5168,2000,110,0000,92324
2015,2,Rio Negro,3413,4525,87362,97000,3240,1000,51,0000,98689
2015,2,Salta,1123,13020,64737,16241,3114,29000,5,0000,98269
2015,2,San Juan,8000,410000,51568,0,0,0,2,0000,51988
2015,2,San Luis,9000,4000,13204,0,0,1000,2,0000,13220
2015,2,Santa Cruz,210000,25000,25519,2000,0,0,0,0000,25756
2015,2,Santa Fe,6827,86016,364441,53205,33894,1856,1014,0000,547253
2015,2,Santiago Del Estero,703000,8779,23456,5553,888000,0,0,0000,39379
2015,2,Tierra Del Fuego,15000,285000,36073,2000,0,0,0,0000,36375
2015,2,Tucuman,107000,25178,83462,26966,4502,455000,0,0000,140670
2015,1,Buenos Aires,8882,123589,2267852,220070,126958,1561,5700,0000,2754612
2015,1,Capital Federal,2545,59084,1013510,134151,114569,1195,8401,0000,1333455
2015,1,Catamarca,13000,7634,13754,3202,517000,9000,1,0000,25130
2015,1,Chaco,26000,12053,47425,15883,5346,489000,135,0000,81357
2015,1,Chubut,651000,6176,57333,102000,0,0,0,0000,64262
2015,1,Cordoba,157000,78427,432802,46574,37443,1615,815,0000,597833
2015,1,Corrientes,36000,13295,47842,15554,4424,235000,98,0000,81484
2015,1,Entre Rios,2867,23951,104168,28113,6926,274000,119,0000,166418
2015,1,Formosa,1891,7336,14413,2024,878000,157000,1,0000,26700
2015,1,Jujuy,2458,9754,19858,3939,603000,0,0,0000,36612
2015,1,La Pampa,6059,8054,45038,26000,10000,13000,10,0000,59210
2015,1,La Rioja,11000,4201,9379,2207,533000,0,3,0000,16334
2015,1,Mendoza,287000,24000,169763,38000,16000,6000,11,0000,170145
2015,1,Misiones,958000,11136,51906,12387,8543,194000,26,0000,85150
2015,1,Neuquen,1895,2577,80787,170000,4067,2000,76,0000,89574
2015,1,Rio Negro,3371,4913,86173,94000,2632,2000,42,0000,97227
2015,1,Salta,1123,14151,64992,13955,2569,15000,5,0000,96810
2015,1,San Juan,8000,445000,51346,0,0,0,2,0000,51801
2015,1,San Luis,10000,8000,12720,0,1000,0,2,0000,12741
2015,1,Santa Cruz,205000,27000,26048,2000,0,0,0,0000,26282
2015,1,Santa Fe,6883,93096,360964,45270,27597,1542,900,0000,536252
2015,1,Santiago Del Estero,701000,9236,23136,4796,748000,0,0,0000,38617
2015,1,Tierra Del Fuego,14000,609000,36319,2000,0,0,0,0000,36944
2015,1,Tucuman,107000,27143,83895,23061,3722,334000,0,0000,138262
2014,4,Buenos Aires,8226,132937,2250445,203620,104322,997000,5406,0000,2705954
2014,4,Capital Federal,2698,62896,1038269,123451,95772,890000,7997,0000,1331972
2014,4,Catamarca,21000,8047,14093,2910,421000,0,1,0000,25493
2014,4,Chaco,483000,12837,42106,7908,2600,124000,2,0000,66060
2014,4,Chubut,1858,6218,60392,70000,0,0,0,0000,68538
2014,4,Cordoba,1903,85362,427844,41947,30858,1177,782,0000,589873
2014,4,Corrientes,40000,13860,42182,7513,2106,0,9,0000,65710
2014,4,Entre Rios,2311,27801,88649,18318,3584,1000,66,0000,140730
2014,4,Formosa,1947,7830,14058,1852,473000,47000,1,0000,26208
2014,4,Jujuy,1880,10427,19740,3443,465000,0,0,0000,35955
2014,4,La Pampa,6266,6879,36520,26000,5000,4000,10,0000,49710
2014,4,La Rioja,9000,4333,9728,1943,386000,0,3,0000,16402
2014,4,Mendoza,303000,19000,169222,36000,14000,5000,12,0000,169611
2014,4,Misiones,547000,11840,53093,8731,2952,54000,12,0000,77229
2014,4,Neuquen,1731,2744,80938,126000,3621,2000,66,0000,89228
2014,4,Rio Negro,3640,4723,85094,94000,2319,4000,30,0000,95904
2014,4,Salta,54000,16214,63221,12552,1922,0,4,0000,93967
2014,4,San Juan,11000,478000,51628,0,0,0,2,0000,52119
2014,4,San Luis,9000,0,13135,0,0,1000,2,0000,13147
2014,4,Santa Cruz,156000,1400,24145,1000,1000,0,0,0000,25703
2014,4,Santa Fe,8707,99962,359293,36718,21098,869000,824,0000,527471
2014,4,Santiago Del Estero,1246,8913,24181,4359,602000,0,0,0000,39301
2014,4,Tierra Del Fuego,12000,283000,31489,2000,0,0,0,0000,31786
2014,4,Tucuman,17000,28746,85091,20631,2733,196000,0,0000,137414
2014,3,Buenos Aires,7355,128187,2281524,156693,68947,243000,4232,0000,2647181
2014,3,Capital Federal,840000,78016,1060145,102170,70907,95000,6626,0000,1318799
2014,3,Catamarca,19000,8845,13790,1915,111000,0,0,0000,24680
2014,3,Chaco,398000,14731,41934,5428,1274,5000,0,0000,63770
2014,3,Chubut,2013,6281,60771,34000,0,0,0,0000,69099
2014,3,Cordoba,660000,98992,435692,28992,18888,84000,664,0000,583972
2014,3,Corrientes,21000,15448,41717,5181,1172,0,0,0000,63539
2014,3,Entre Rios,1709,29710,91450,12569,1310,0,48,0000,136796
2014,3,Formosa,2001,8323,14202,1324,85000,0,0,0000,25935
2014,3,Jujuy,127000,10979,20216,2305,82000,0,0,0000,33709
2014,3,La Pampa,6458,6645,41009,24000,5000,4000,10,0000,54155
2014,3,La Rioja,10000,4785,9720,1337,61000,0,0,0000,15913
2014,3,Mendoza,35000,0,167763,31000,12000,13000,1,0000,167855
2014,3,Misiones,640000,13637,53510,5928,1606,0,1,0000,75322
2014,3,Neuquen,1522,3099,80090,107000,2865,10000,27,0000,87720
2014,3,Rio Negro,3640,5189,86868,87000,1944,8000,9,0000,97745
2014,3,Salta,732000,17481,66026,8314,388000,0,0,0000,92941
2014,3,San Juan,8000,487000,51276,0,0,0,0,0000,51771
2014,3,San Luis,8000,0,13029,0,0,3000,0,0000,13040
2014,3,Santa Cruz,195000,1624,24248,1000,1000,0,0,0000,26069
2014,3,Santa Fe,8230,112593,357615,23962,12124,38000,806,0000,515368
2014,3,Santiago Del Estero,791000,9914,23826,2867,142000,0,0,0000,37540
2014,3,Tierra Del Fuego,12000,336000,32348,2000,0,0,0,0000,32698
2014,3,Tucuman,6000,32716,84668,14101,559000,4000,0,0000,132054
2014,2,Buenos Aires,6902,162274,2288772,140226,56549,284000,4309,0000,2659316
2014,2,Capital Federal,847000,81431,1078213,87359,56004,59000,6427,0000,1310340
2014,2,Catamarca,19000,8844,13794,1915,111000,0,0,0000,24683
2014,2,Chaco,412000,14854,41530,5418,1085,5000,0,0000,63304
2014,2,Chubut,2064,6582,61868,0,0,0,0,0000,70514
2014,2,Cordoba,2105,101598,429536,28698,14824,76000,627,0000,577464
2014,2,Corrientes,20000,15563,41219,5199,956000,0,0,0000,62957
2014,2,Entre Rios,2187,32781,86757,12564,1162,0,44,0000,135495
2014,2,Formosa,2032,8218,13944,1321,85000,0,0,0000,25600
2014,2,Jujuy,1873,11233,18851,2305,82000,0,0,0000,34344
2014,2,La Pampa,7032,6761,34089,18000,5000,4000,10,0000,47919
2014,2,La Rioja,10000,4785,9719,1337,61000,0,0,0000,15912
2014,2,Mendoza,35000,6000,166710,31000,10000,5000,10,0000,166807
2014,2,Misiones,540000,13644,53245,5924,1334,2000,0,0000,74689
2014,2,Neuquen,1531,3206,79087,92000,2289,2000,30,0000,86237
2014,2,Rio Negro,3468,5507,84978,78000,1569,2000,8,0000,95610
2014,2,Salta,53000,18818,64440,8293,388000,0,0,0000,91992
2014,2,San Juan,10000,507000,51129,0,0,0,0,0000,51646
2014,2,San Luis,7000,0,13045,0,0,1000,2,0000,13055
2014,2,Santa Cruz,153000,1637,25374,2000,0,0,0,0000,27166
2014,2,Santa Fe,8515,115197,353559,23939,10058,34000,792,0000,512094
2014,2,Santiago Del Estero,1231,9914,23842,2867,142000,0,0,0000,37996
2014,2,Tierra Del Fuego,12000,334000,31198,2000,0,0,0,0000,31546
2014,2,Tucuman,6000,32714,84675,14101,559000,4000,0,0000,132059
2014,1,Buenos Aires,8469,171244,2279875,121787,38923,206000,4037,0000,2624542
2014,1,Capital Federal,852000,88826,1096050,70293,38798,55000,6208,0000,1301081
2014,1,Catamarca,19000,9147,13330,1672,64000,0,0,0000,24232
2014,1,Chaco,438000,15849,40869,4644,741000,5000,0,0000,62546
2014,1,Chubut,7452,10000,61329,0,0,0,0,0000,68791
2014,1,Cordoba,2076,107705,423114,24112,9818,40000,588,0000,567453
2014,1,Corrientes,20000,16357,40742,4486,630000,0,0,0000,62235
2014,1,Entre Rios,2177,35206,85248,10828,746000,0,43,0000,134248
2014,1,Formosa,2062,8475,13685,1133,67000,0,0,0000,25422
2014,1,Jujuy,1832,11498,18415,2002,56000,0,0,0000,33803
2014,1,La Pampa,7434,6535,32501,17000,5000,4000,10,0000,46506
2014,1,La Rioja,10000,5111,9390,1165,35000,0,0,0000,15711
2014,1,Mendoza,35000,6000,166655,19000,10000,6000,9,0000,166740
2014,1,Misiones,545000,14460,52852,5139,958000,0,0,0000,73954
2014,1,Neuquen,4133,987000,77148,84000,1582,2000,22,0000,83958
2014,1,Rio Negro,4670,4618,84304,73000,1062,1000,8,0000,94736
2014,1,Salta,53000,19677,64061,7192,314000,0,0,0000,91297
2014,1,San Juan,531000,2000,51056,0,0,0,0,0000,51589
2014,1,San Luis,7000,3000,12544,0,1000,0,2,0000,12557
2014,1,Santa Cruz,161000,1625,24972,1000,1000,0,0,0000,26760
2014,1,Santa Fe,8456,124468,345225,20328,6845,23000,668,0000,506013
2014,1,Santiago Del Estero,1234,10531,22817,2422,109000,0,0,0000,37113
2014,1,Tierra Del Fuego,12000,607000,30902,6000,0,0,0,0000,31527
2014,1,Tucuman,6000,34672,83210,11779,362000,3000,0,0000,130032
